index,Rab3b,condition
AAATGGACATCGTCCT-1-0-0,0.0,ELS_Stress
AGATGCTGTATCGTTG-1-0-0,2.275699108713753,ELS_Stress
ATCCCTGCACGCAAAG-1-0-0,0.0,ELS_Stress
CTGTACCAGGTGATCG-1-0-0,0.588443770946254,ELS_Stress
GATCACACAGCGACAA-1-0-0,0.9748317777795379,ELS_Stress
GCATGATTCTCGCTTG-1-0-0,1.3182136261579103,ELS_Stress
GTAATCGAGTCATCCA-1-0-0,0.736445744316933,ELS_Stress
TCTGTCGTCTGGAAGG-1-0-0,0.0,ELS_Stress
TGGGCGTTCCTCAGAA-1-0-0,0.7666133851758627,ELS_Stress
AAGAACACAATTGAAG-1-1-1,0.4909613111024471,ELS_Stress
AAGTACCAGTCACTAC-1-1-1,2.0220430217579186,ELS_Stress
ACTTCCGGTCCCAAAT-1-1-1,0.0,ELS_Stress
ACTTTCATCTTACTGT-1-1-1,0.0,ELS_Stress
ATAGAGAAGCTCGGCT-1-1-1,0.0,ELS_Stress
CAACAGTAGTTGCCCG-1-1-1,0.5204147108294281,ELS_Stress
CCCTCAAGTGTAAATG-1-1-1,1.456325328917953,ELS_Stress
CCCTGATGTCATAGTC-1-1-1,0.0,ELS_Stress
GAGTTACAGTCTCGTA-1-1-1,0.0,ELS_Stress
GGTGAAGCAGGTCTCG-1-1-1,0.0,ELS_Stress
GGTGAAGTCCAAATGC-1-1-1,0.0,ELS_Stress
GTCTACCCAACTCGAT-1-1-1,0.0,ELS_Stress
TAAGTCGCAGCACCCA-1-1-1,0.493712515938112,ELS_Stress
TACCCGTTCGTTACCC-1-1-1,2.076853040517713,ELS_Stress
TATCTGTCACACAGAG-1-1-1,1.7466478460130055,ELS_Stress
TCCACCATCCATTGTT-1-1-1,0.47241033559726064,ELS_Stress
TCGAACATCTGACCCT-1-1-1,0.0,ELS_Stress
TTATTGCAGAGAACCC-1-1-1,0.0,ELS_Stress
TTGTGTTTCCTAGCTC-1-1-1,1.9469485296761944,ELS_Stress
AAACCCAGTGTGGACA-1-2-2,0.0,BL_Ctrl
ATTGGGTTCGTGCTCT-1-2-2,0.0,BL_Ctrl
CAGGCCAAGTACAACA-1-2-2,0.0,BL_Ctrl
CAGTTAGTCCCTTCCC-1-2-2,0.0,BL_Ctrl
CAGTTCCCATGACCCG-1-2-2,0.0,BL_Ctrl
CATAGACGTGATGGCA-1-2-2,1.8219472667927783,BL_Ctrl
CATGGATAGACATGCG-1-2-2,0.0,BL_Ctrl
CCTTTGGTCCCTAGGG-1-2-2,0.0,BL_Ctrl
CTCCCTCCACACTGGC-1-2-2,0.0,BL_Ctrl
CTGCTCATCCGAACGC-1-2-2,0.9433518752220095,BL_Ctrl
GACCGTGCAAAGTATG-1-2-2,0.0,BL_Ctrl
GAGATGGAGTCTGCGC-1-2-2,0.0,BL_Ctrl
GAGCTGCGTACCTTCC-1-2-2,0.0,BL_Ctrl
GAGTGAGAGTAGCTCT-1-2-2,0.0,BL_Ctrl
GATGCTATCTCTGCCA-1-2-2,1.1507774993306092,BL_Ctrl
GATTTCTAGCTAGAAT-1-2-2,0.0,BL_Ctrl
GGAATCTGTGGAAATT-1-2-2,0.49846258773600965,BL_Ctrl
GGGTCACCAGTAGAGC-1-2-2,0.4919068614368895,BL_Ctrl
GTCTACCGTACACGTT-1-2-2,0.6263055452754703,BL_Ctrl
GTGAGCCCACCGGCTA-1-2-2,0.49034432669173555,BL_Ctrl
GTTAGTGAGCGGTAGT-1-2-2,0.0,BL_Ctrl
TACGCTCCAAGCAGGT-1-2-2,0.0,BL_Ctrl
TCGGGACAGCCTTTGA-1-2-2,0.0,BL_Ctrl
TGCGATATCCCGTTCA-1-2-2,0.0,BL_Ctrl
TGTCCTGAGGAATCGC-1-2-2,0.0,BL_Ctrl
TTCCTTCTCTATCCAT-1-2-2,0.0,BL_Ctrl
ACTCTCGCAATTGAAG-1-3-3,0.9372247554608188,ELS_Stress
AGGGCCTCATCTGGGC-1-3-3,0.0,ELS_Stress
AGTAGTCTCCCGAGAC-1-3-3,1.0912874317974275,ELS_Stress
AGTGCCGTCTTTCTAG-1-3-3,1.250925545943902,ELS_Stress
ATACCGACAAAGCACG-1-3-3,0.0,ELS_Stress
CACATGAAGAAGCCAC-1-3-3,0.0,ELS_Stress
CATAAGCGTCTCACGG-1-3-3,1.377913986271991,ELS_Stress
CATTCTAGTTTACACG-1-3-3,0.0,ELS_Stress
CCGGACAAGATGGCGT-1-3-3,0.5678764795218508,ELS_Stress
CGAGGCTTCAAGGCTT-1-3-3,1.6823633106181295,ELS_Stress
CGGACACAGTGGATAT-1-3-3,0.5807976373377259,ELS_Stress
CGGGTCAAGGGCTAAC-1-3-3,1.763091057178185,ELS_Stress
CGTGAATAGGATAATC-1-3-3,1.027234769074034,ELS_Stress
CTACAGATCCGATAGT-1-3-3,0.8563019206878135,ELS_Stress
CTGAGGCAGAGGCGTT-1-3-3,0.0,ELS_Stress
GCCGTGAGTGTTACTG-1-3-3,1.1706576993802122,ELS_Stress
GGAACCCAGATCCCGC-1-3-3,0.875787694875582,ELS_Stress
GGGACAACAGGCAATG-1-3-3,2.15668396910122,ELS_Stress
GTGAGTTGTAAGGTCG-1-3-3,1.0550108773481526,ELS_Stress
TAAGCGTTCGAACGGA-1-3-3,2.454479085605122,ELS_Stress
TCATTTGGTGTTCCTC-1-3-3,0.0,ELS_Stress
TCCCATGAGGTGCTAG-1-3-3,1.0839479726777281,ELS_Stress
TCGCTTGTCTAGTACG-1-3-3,0.0,ELS_Stress
TCTGGCTTCGCATAGT-1-3-3,0.6382518238286187,ELS_Stress
TGTCCACTCTTGGGCG-1-3-3,0.0,ELS_Stress
TGTGATGGTAACGCGA-1-3-3,0.0,ELS_Stress
TTCCTAACAACACGTT-1-3-3,0.9260363254710111,ELS_Stress
ACGGAAGTCTGTGCGG-1-4-4,0.0,BL_Stress
ACTGTCCGTGTTTACG-1-4-4,0.0,BL_Stress
ACTTAGGTCGTGCAGC-1-4-4,1.064558237766227,BL_Stress
ATCGTAGTCTAGAGCT-1-4-4,0.9888642453651995,BL_Stress
CACGAATGTGACAGCA-1-4-4,0.5350029786824427,BL_Stress
CACGTTCCACCGAATT-1-4-4,0.9008587119775,BL_Stress
CATTGTTAGTACAGAT-1-4-4,0.8141495186517478,BL_Stress
CCCTCTCGTACAGAGC-1-4-4,0.5352638796559239,BL_Stress
CGAGGCTAGGAACTCG-1-4-4,0.0,BL_Stress
CTCAATTCAAAGGATT-1-4-4,0.0,BL_Stress
GAATCGTGTCGTGTTA-1-4-4,0.0,BL_Stress
GACTGATGTTATTCCT-1-4-4,0.0,BL_Stress
GCATGATAGTATAGGT-1-4-4,0.5689054940778601,BL_Stress
GGGATCCTCCACGTCT-1-4-4,0.8814291028279392,BL_Stress
GTATTGGCACTTTATC-1-4-4,0.0,BL_Stress
GTCGAATGTGTGATGG-1-4-4,0.7864335771337613,BL_Stress
GTCTAGAAGACGACGT-1-4-4,0.0,BL_Stress
TACTGCCAGTTTGGCT-1-4-4,0.0,BL_Stress
TCAGCCTAGTACTCGT-1-4-4,0.0,BL_Stress
TCATACTGTCCAACGC-1-4-4,0.0,BL_Stress
TCGAAGTGTTATGACC-1-4-4,0.0,BL_Stress
TGGGCGTGTGAACGGT-1-4-4,0.0,BL_Stress
TGGTACAGTTTGTGGT-1-4-4,0.5163308444958304,BL_Stress
TTACCATTCCATCTCG-1-4-4,0.0,BL_Stress
AAACGAATCGGTCAGC-1-5-5,0.0,BL_Ctrl
AAAGGATCAACAGAGC-1-5-5,0.0,BL_Ctrl
AAAGTCCGTCGCCACA-1-5-5,0.0,BL_Ctrl
AACGGGAGTTCACCGG-1-5-5,0.0,BL_Ctrl
ACAAAGAAGGGAGTGG-1-5-5,0.0,BL_Ctrl
ACACCAAAGCATCTTG-1-5-5,0.0,BL_Ctrl
ACAGAAATCTTACACT-1-5-5,0.0,BL_Ctrl
ACCCTTGAGGACAAGA-1-5-5,0.0,BL_Ctrl
ACGTAACTCTATCCAT-1-5-5,0.0,BL_Ctrl
ACGTTCCAGTAGGGTC-1-5-5,1.32505659851745,BL_Ctrl
ACTATTCTCAAAGCCT-1-5-5,0.5463627025455102,BL_Ctrl
AGAAATGTCACTACTT-1-5-5,0.0,BL_Ctrl
AGAAGCGTCGAGCTGC-1-5-5,0.0,BL_Ctrl
AGACCCGTCAGCAATC-1-5-5,0.9333521302940889,BL_Ctrl
AGACCCGTCAGGACGA-1-5-5,0.0,BL_Ctrl
AGCTCAAGTGAACCGA-1-5-5,0.5303532810560427,BL_Ctrl
AGGACGAAGACGCTCC-1-5-5,0.0,BL_Ctrl
AGTAGCTTCTACTGAG-1-5-5,0.5484803592838976,BL_Ctrl
AGTCACACAAAGGCGT-1-5-5,0.570103948825346,BL_Ctrl
AGTGACTAGTCTAACC-1-5-5,0.9085078056389086,BL_Ctrl
AGTGACTCAACGTAAA-1-5-5,1.64612076668314,BL_Ctrl
AGTTCGATCGCGAAGA-1-5-5,0.0,BL_Ctrl
ATACCGATCACTTCTA-1-5-5,0.601279842954139,BL_Ctrl
ATACTTCCAGTCTTCC-1-5-5,2.475932213928624,BL_Ctrl
ATCTTCACAGTTTCGA-1-5-5,0.9203315368051478,BL_Ctrl
ATGAGTCGTCATCAGT-1-5-5,0.0,BL_Ctrl
ATTCCATGTTAAAGTG-1-5-5,0.0,BL_Ctrl
CAACCTCAGTTGCTCA-1-5-5,0.0,BL_Ctrl
CAAGCTACAACCGATT-1-5-5,0.8453563408246854,BL_Ctrl
CAAGGGAGTCACTTCC-1-5-5,0.0,BL_Ctrl
CACTTCGCACAGTGTT-1-5-5,0.9369236262725884,BL_Ctrl
CAGATACCATGTGTCA-1-5-5,0.0,BL_Ctrl
CAGCGTGCAAGCCATT-1-5-5,0.0,BL_Ctrl
CATGGTAAGAACCCGA-1-5-5,0.0,BL_Ctrl
CCGGTAGTCCCGAACG-1-5-5,0.0,BL_Ctrl
CCTCTCCAGGCCGCTT-1-5-5,0.0,BL_Ctrl
CGCATAACATGAATCC-1-5-5,0.0,BL_Ctrl
CGTCAAATCAGCAGAG-1-5-5,0.0,BL_Ctrl
CGTGATAAGGATTTCC-1-5-5,0.0,BL_Ctrl
CTACGGGCACTTCTCG-1-5-5,0.0,BL_Ctrl
CTCAATTCAAGGGTCA-1-5-5,0.0,BL_Ctrl
CTCGAGGAGGTTCAGG-1-5-5,1.8233165712985604,BL_Ctrl
CTGATCCCAGGATCTT-1-5-5,0.0,BL_Ctrl
CTTCAATAGAACAGGA-1-5-5,0.0,BL_Ctrl
GAACACTAGCTCCACG-1-5-5,0.0,BL_Ctrl
GAAGGACAGATCACTC-1-5-5,0.5300122561374028,BL_Ctrl
GACCAATAGCAATAAC-1-5-5,0.0,BL_Ctrl
GATAGAAGTCGCAACC-1-5-5,0.0,BL_Ctrl
GATCATGCACCCTTGT-1-5-5,0.0,BL_Ctrl
GCCAGGTCAAAGACGC-1-5-5,0.5260898006135205,BL_Ctrl
GCCCAGAGTCAGCGTC-1-5-5,0.0,BL_Ctrl
GCGTGCAAGAGTAACT-1-5-5,0.0,BL_Ctrl
GCTTGGGTCCAACACA-1-5-5,0.0,BL_Ctrl
GGAGATGAGTGTTCAC-1-5-5,1.0972947298020006,BL_Ctrl
GGGAGATAGAATTTGG-1-5-5,0.0,BL_Ctrl
GGGCTCACAAGGTACG-1-5-5,0.8514622922360009,BL_Ctrl
GGGTTATTCGTTGTTT-1-5-5,0.5473784622081846,BL_Ctrl
GTAATCGTCTCAACGA-1-5-5,0.0,BL_Ctrl
GTCAGCGTCGGAATGG-1-5-5,1.611676190019011,BL_Ctrl
GTCTACCGTACACGTT-1-5-5,0.8414940446100057,BL_Ctrl
GTGTAACCACAACGCC-1-5-5,0.5262593844351959,BL_Ctrl
GTTGTCCTCACCATCC-1-5-5,0.0,BL_Ctrl
TAACGACAGGTCACTT-1-5-5,0.5928892533354452,BL_Ctrl
TAACTTCCACCTTCGT-1-5-5,0.0,BL_Ctrl
TAAGCCATCGACACCG-1-5-5,0.0,BL_Ctrl
TAAGTCGTCAAACTGC-1-5-5,0.0,BL_Ctrl
TACATTCCAAGTTGGG-1-5-5,0.6370684943011058,BL_Ctrl
TACCTCGGTGCCTGAC-1-5-5,0.0,BL_Ctrl
TACTTCAAGACCTCAT-1-5-5,0.0,BL_Ctrl
TATCAGGAGGGCAAGG-1-5-5,0.5466413467336441,BL_Ctrl
TCAAGACAGCGGTAGT-1-5-5,0.0,BL_Ctrl
TCACAAGGTTTACCTT-1-5-5,0.0,BL_Ctrl
TCAGTTTAGGTACAGC-1-5-5,0.0,BL_Ctrl
TCCGAAAAGCACTCCG-1-5-5,0.0,BL_Ctrl
TCCTTCTGTGGTGATG-1-5-5,0.8216060207189618,BL_Ctrl
TCGAAGTGTGTCGATT-1-5-5,0.5075154276719902,BL_Ctrl
TCGACGGGTATCCTTT-1-5-5,0.0,BL_Ctrl
TCGGGACAGCCTTTGA-1-5-5,1.311212552555289,BL_Ctrl
TCGGGTGGTGCGAGTA-1-5-5,1.3727545168493396,BL_Ctrl
TCTCACGCAAATTAGG-1-5-5,0.0,BL_Ctrl
TGCTTCGGTAATGCGG-1-5-5,1.347731131314123,BL_Ctrl
TGGAACTGTAGCTTGT-1-5-5,0.0,BL_Ctrl
TGGTGATGTGGTCTGC-1-5-5,0.0,BL_Ctrl
TGGTTAGCAAAGCTCT-1-5-5,0.0,BL_Ctrl
TGTCCCACACCCTTAC-1-5-5,0.8644696298829309,BL_Ctrl
TGTCCTGAGAGAGTTT-1-5-5,0.5401040440392856,BL_Ctrl
TTAATCCGTAGTTAGA-1-5-5,0.0,BL_Ctrl
TTACGTTTCGGTATGT-1-5-5,0.0,BL_Ctrl
TTCCTTCTCGGACTTA-1-5-5,0.0,BL_Ctrl
TTCTCTCCACCATTCC-1-5-5,1.6760542946856387,BL_Ctrl
TTGAACGTCTTAGGAC-1-5-5,1.952825900344862,BL_Ctrl
TTGTTGTCAAGGGCAT-1-5-5,0.5667657087691509,BL_Ctrl
TTTATGCCAGGACATG-1-5-5,0.0,BL_Ctrl
TTTCAGTGTTCGTAAC-1-5-5,0.0,BL_Ctrl
TTTGGTTTCCTCTCGA-1-5-5,0.0,BL_Ctrl
ACGATCAGTACGAGTG-1-6-6,0.0,BL_Stress
ACGTAACAGGGTGAAA-1-6-6,0.0,BL_Stress
ACGTACAGTGATAGTA-1-6-6,0.0,BL_Stress
AGGGCCTCACTACTTT-1-6-6,0.0,BL_Stress
AGGTTGTGTGTCCGTG-1-6-6,0.0,BL_Stress
AGTCATGAGTACGAGC-1-6-6,0.0,BL_Stress
ATCACGACACATGACT-1-6-6,0.4751889085268476,BL_Stress
ATGCATGGTACGCGTC-1-6-6,1.0323736997829935,BL_Stress
ATTCAGGGTATGTCAC-1-6-6,0.0,BL_Stress
ATTCGTTAGGCAGTCA-1-6-6,0.9374280134442663,BL_Stress
CAACCAACACGTAGTT-1-6-6,1.0162698662210425,BL_Stress
CAGCAATTCAACACCA-1-6-6,0.0,BL_Stress
CAGCGTGGTATTAAGG-1-6-6,0.0,BL_Stress
CAGTGCGTCTTCGATT-1-6-6,0.0,BL_Stress
CATGGATCAAGCGGAT-1-6-6,0.0,BL_Stress
CCCTCTCGTCTGTCAA-1-6-6,0.0,BL_Stress
CCTATCGTCCTTGACC-1-6-6,1.76812277709277,BL_Stress
CGAGGCTAGCACAAAT-1-6-6,0.0,BL_Stress
CGTAATGGTAAGATAC-1-6-6,0.0,BL_Stress
CGTGTCTTCTGCGGCA-1-6-6,2.263076470365812,BL_Stress
CGTTCTGGTAGCACGA-1-6-6,0.0,BL_Stress
CTAACCCTCACAAGAA-1-6-6,0.0,BL_Stress
CTACCCAGTCGTGCCA-1-6-6,0.0,BL_Stress
GAAGCCCAGTTGGAGC-1-6-6,0.7117249018026813,BL_Stress
GACTGATGTACTGTTG-1-6-6,0.7516312396115505,BL_Stress
GAGGCCTCACTCAAGT-1-6-6,0.0,BL_Stress
GATCACATCCACTGGG-1-6-6,0.0,BL_Stress
GCCCGAAAGAGCCATG-1-6-6,0.0,BL_Stress
GTCGAATGTACAGTAA-1-6-6,0.0,BL_Stress
TATCCTATCCTAACAG-1-6-6,0.0,BL_Stress
TCAAGCATCATGGATC-1-6-6,1.1704333179702089,BL_Stress
TCAATTCTCGTAGGGA-1-6-6,0.0,BL_Stress
TCACGCTGTAAGTTAG-1-6-6,0.0,BL_Stress
TGAACGTTCACTCACC-1-6-6,0.0,BL_Stress
TGTCCACAGCCTGCCA-1-6-6,0.9628116638423418,BL_Stress
TGTTCCGCACGAAGAC-1-6-6,0.0,BL_Stress
TTACGCCGTTCAAAGA-1-6-6,0.0,BL_Stress
TTTCATGAGATTAGTG-1-6-6,0.0,BL_Stress
AAGAACACAATCAAGA-1-7-7,0.0,BL_Ctrl
AGAGAATGTTGAGTCT-1-7-7,0.9636909732869259,BL_Ctrl
AGGATAATCTGTGCAA-1-7-7,0.8031225119025062,BL_Ctrl
AGTCATGCATACCAGT-1-7-7,0.0,BL_Ctrl
ATTTCACCATTGTCGA-1-7-7,0.0,BL_Ctrl
CTCCCTCCACACTGGC-1-7-7,0.0,BL_Ctrl
CTGATCCCACGTCGTG-1-7-7,0.8670739211153692,BL_Ctrl
CTTCTAATCTTCCCGA-1-7-7,0.0,BL_Ctrl
GATTTCTAGCTAGAAT-1-7-7,0.0,BL_Ctrl
GCCCGAAAGTGAATAC-1-7-7,0.0,BL_Ctrl
GCTGCAGTCCTACCGT-1-7-7,0.0,BL_Ctrl
GTAGAGGTCAAGCCGC-1-7-7,0.0,BL_Ctrl
GTCTACCGTACACGTT-1-7-7,0.8712270857266222,BL_Ctrl
GTTAGTGAGCGGTAGT-1-7-7,0.0,BL_Ctrl
TCACACCTCATGCTAG-1-7-7,1.6031053268212296,BL_Ctrl
TCGGGACAGCCTTTGA-1-7-7,0.8423664463914136,BL_Ctrl
TCGGGACCATTGCCGG-1-7-7,0.0,BL_Ctrl
TGCGATAGTAGGTAGC-1-7-7,0.0,BL_Ctrl
TGTCCTGAGGAATCGC-1-7-7,0.0,BL_Ctrl
TTCCTTCTCTATCCAT-1-7-7,0.0,BL_Ctrl
TTCTTCCCATCATTTC-1-7-7,0.8635764142137891,BL_Ctrl
AAACCCAGTGTGGACA-1-8-8,0.0,ELS_Ctrl
AAGACAAAGACTTCGT-1-8-8,0.0,ELS_Ctrl
AATGGAACACTGAGTT-1-8-8,0.570750338456195,ELS_Ctrl
ACAAAGAGTAACTTCG-1-8-8,0.0,ELS_Ctrl
ACAGGGAAGGTAGCCA-1-8-8,0.0,ELS_Ctrl
ACTTCCGTCTTACGGA-1-8-8,0.0,ELS_Ctrl
AGAGCCCCAGACAATA-1-8-8,0.5004274026373303,ELS_Ctrl
AGTAACCTCATTTCCA-1-8-8,0.6392242316002711,ELS_Ctrl
ATTGGGTAGAAGTCCG-1-8-8,0.753272565655854,ELS_Ctrl
CAACCTCAGATAGGGA-1-8-8,0.48298266539750123,ELS_Ctrl
CGCATAACATGACTCA-1-8-8,1.1735204204958778,ELS_Ctrl
CTACCCAAGCGCTGAA-1-8-8,0.0,ELS_Ctrl
GAACACTGTCGTTATG-1-8-8,0.4987334733693735,ELS_Ctrl
GACCTTCCAGCGAGTA-1-8-8,1.428941672387786,ELS_Ctrl
GACTCAAAGGCCCGTT-1-8-8,1.2748750862148546,ELS_Ctrl
GATTTCTAGCTAGAAT-1-8-8,0.0,ELS_Ctrl
GGGCTACAGGCACAAC-1-8-8,0.0,ELS_Ctrl
GTAATCGCACAGTCGC-1-8-8,1.8326290625706358,ELS_Ctrl
GTCTACCGTACACGTT-1-8-8,0.0,ELS_Ctrl
GTGCGTGAGACTACCT-1-8-8,0.0,ELS_Ctrl
TAAGCGTTCCTACCAC-1-8-8,0.8773595953872029,ELS_Ctrl
TACCCGTCACCTGCGA-1-8-8,0.7871683774021534,ELS_Ctrl
TAGGGTTGTTTGTTGG-1-8-8,0.0,ELS_Ctrl
TCACGGGTCGACATTG-1-8-8,0.0,ELS_Ctrl
TCGGGACAGCCTTTGA-1-8-8,0.0,ELS_Ctrl
TCGTCCATCGCGTTTC-1-8-8,0.0,ELS_Ctrl
TGAGCGCAGGTGCATG-1-8-8,0.8480602096449392,ELS_Ctrl
TGATCAGAGGACTATA-1-8-8,0.0,ELS_Ctrl
TGATTCTTCCGAAGGA-1-8-8,0.0,ELS_Ctrl
TGGGATTCATCTCCCA-1-8-8,0.0,ELS_Ctrl
TTCCTCTTCACCCTCA-1-8-8,0.0,ELS_Ctrl
AACGGGACAGTAGTTC-1-9-9,0.0,ELS_Ctrl
ATCCGTCTCATCGACA-1-9-9,0.8573494458875919,ELS_Ctrl
CAGCGTGTCGGTAGAG-1-9-9,0.0,ELS_Ctrl
CGAAGTTAGGCGCTTC-1-9-9,0.9186102543223853,ELS_Ctrl
CGATGCGCATATGCGT-1-9-9,0.0,ELS_Ctrl
GCATGATGTGACGTCC-1-9-9,0.0,ELS_Ctrl
GCTGGGTGTCTACAGT-1-9-9,1.0141560029046235,ELS_Ctrl
GGAATCTGTCCTTGTC-1-9-9,0.9554001597364588,ELS_Ctrl
GTAGTACCAAATGGAT-1-9-9,0.511259329260273,ELS_Ctrl
GTCTACCGTACACGTT-1-9-9,1.3956942318757732,ELS_Ctrl
TCGGATAGTGGTATGG-1-9-9,0.0,ELS_Ctrl
TCGGGACAGCCTTTGA-1-9-9,0.0,ELS_Ctrl
TCTTAGTCACCCTGTT-1-9-9,0.0,ELS_Ctrl
TGATCTTAGCGATGCA-1-9-9,0.0,ELS_Ctrl
TTCTAGTGTGCAGGAT-1-9-9,0.8145754630298052,ELS_Ctrl
TTTGGTTAGACGCCAA-1-9-9,0.5153194173878987,ELS_Ctrl
AATGGAATCGTTCCTG-1-10-10,0.0,ELS_Ctrl
ACAACCAGTATGGTTC-1-10-10,0.0,ELS_Ctrl
ACAGAAATCTAACGGT-1-10-10,0.0,ELS_Ctrl
ACCTACCTCATGACAC-1-10-10,0.0,ELS_Ctrl
ACTCCCACATAACGGG-1-10-10,0.0,ELS_Ctrl
AGACAGGGTCCCGCAA-1-10-10,0.0,ELS_Ctrl
AGCATCAGTCTAACTG-1-10-10,0.0,ELS_Ctrl
AGCCACGTCCAATGCA-1-10-10,0.0,ELS_Ctrl
AGCGTATGTACGGGAT-1-10-10,0.0,ELS_Ctrl
AGCTACATCACGATAC-1-10-10,0.0,ELS_Ctrl
AGCTACATCCGCTGTT-1-10-10,0.0,ELS_Ctrl
ATACTTCTCCTGTTAT-1-10-10,0.0,ELS_Ctrl
ATCGCCTCATCTCAAG-1-10-10,0.0,ELS_Ctrl
ATCGTAGAGATGGTCG-1-10-10,0.0,ELS_Ctrl
ATCGTCCGTTGACGGA-1-10-10,1.366842297332286,ELS_Ctrl
ATGATCGAGTGTAGAT-1-10-10,0.0,ELS_Ctrl
ATGCCTCCATTGAGGG-1-10-10,0.5033821425555218,ELS_Ctrl
ATTTACCTCGTGCAGC-1-10-10,0.0,ELS_Ctrl
CAATACGCACTGAATC-1-10-10,0.0,ELS_Ctrl
CACTGGGGTATGAGAT-1-10-10,0.0,ELS_Ctrl
CACTTCGCATACCAGT-1-10-10,0.0,ELS_Ctrl
CAGTGCGGTTTAAGGA-1-10-10,0.0,ELS_Ctrl
CATCCCAGTCGCTGCA-1-10-10,0.0,ELS_Ctrl
CATTCATCAGCGAGTA-1-10-10,0.897575933401361,ELS_Ctrl
CATTCCGTCTGGGTCG-1-10-10,0.0,ELS_Ctrl
CCCGAAGTCCACGTGG-1-10-10,0.0,ELS_Ctrl
CCGTTCAGTACTCAAC-1-10-10,0.0,ELS_Ctrl
CCTCCAACAGTAACAA-1-10-10,0.0,ELS_Ctrl
CGGAATTAGAATCCCT-1-10-10,0.0,ELS_Ctrl
CGTGAATCACGAAGAC-1-10-10,0.0,ELS_Ctrl
CTACCTGCAGGTCCGT-1-10-10,0.0,ELS_Ctrl
CTACTATAGGGAGATA-1-10-10,0.0,ELS_Ctrl
CTATCTACAGCTGGTC-1-10-10,0.0,ELS_Ctrl
CTCAACCAGACTCTAC-1-10-10,1.0992834211270557,ELS_Ctrl
CTGTATTAGCTAATGA-1-10-10,0.529448395332458,ELS_Ctrl
CTTCGGTTCCGATCGG-1-10-10,0.0,ELS_Ctrl
GAAGCCCCAAGAGATT-1-10-10,0.0,ELS_Ctrl
GAAGGACAGCAACAGC-1-10-10,0.0,ELS_Ctrl
GACCAATGTAGCGCCT-1-10-10,0.6742979010408144,ELS_Ctrl
GAGACTTGTGATGAAT-1-10-10,0.0,ELS_Ctrl
GAGTCATTCTCTATGT-1-10-10,0.0,ELS_Ctrl
GATAGAAGTCAAACGG-1-10-10,0.0,ELS_Ctrl
GATCGTAGTATGGAGC-1-10-10,0.0,ELS_Ctrl
GATGATCGTCATGGCC-1-10-10,0.0,ELS_Ctrl
GATTTCTAGCTAGAAT-1-10-10,0.0,ELS_Ctrl
GCAACATCAGAAATTG-1-10-10,1.600505063506457,ELS_Ctrl
GGGACCTCATCCCGTT-1-10-10,0.0,ELS_Ctrl
GGGCCATCAGCTTTGA-1-10-10,0.0,ELS_Ctrl
GGGCTCATCTCAAAGC-1-10-10,0.0,ELS_Ctrl
GGTTAACAGCCGTTAT-1-10-10,0.0,ELS_Ctrl
GTAGGAGGTATGAGAT-1-10-10,0.0,ELS_Ctrl
GTCAAACGTTGTACGT-1-10-10,0.0,ELS_Ctrl
GTCTACCGTACACGTT-1-10-10,0.0,ELS_Ctrl
GTCTGTCTCCGCAGTG-1-10-10,0.0,ELS_Ctrl
GTGAGGATCAGGTAAA-1-10-10,0.0,ELS_Ctrl
GTGCACGCAAGTGGAC-1-10-10,0.5078963770435145,ELS_Ctrl
GTGGAAGTCATCGGGC-1-10-10,0.0,ELS_Ctrl
GTTACGAAGGATACAT-1-10-10,1.498931162668816,ELS_Ctrl
GTTAGTGAGCGGTAGT-1-10-10,0.7862618434430774,ELS_Ctrl
GTTTACTGTTCGCGTG-1-10-10,0.0,ELS_Ctrl
TAAGTCGGTGTCCATA-1-10-10,0.0,ELS_Ctrl
TAAGTCGGTTCAGTAC-1-10-10,0.0,ELS_Ctrl
TACTTACGTTTCTATC-1-10-10,0.0,ELS_Ctrl
TAGGTACGTGATACTC-1-10-10,0.0,ELS_Ctrl
TCACGGGAGAGGTTAT-1-10-10,0.0,ELS_Ctrl
TCCATGCGTAGTGGCA-1-10-10,0.0,ELS_Ctrl
TCCTCTTGTGGTGATG-1-10-10,0.0,ELS_Ctrl
TCGCACTTCGAAGAAT-1-10-10,0.0,ELS_Ctrl
TCGCTCATCCCAGCGA-1-10-10,0.0,ELS_Ctrl
TCGGGACAGCCTTTGA-1-10-10,0.6186215743394845,ELS_Ctrl
TCGTAGAGTGTCCATA-1-10-10,0.0,ELS_Ctrl
TCGTGGGAGATACGAT-1-10-10,1.0083998267641467,ELS_Ctrl
TCTCAGCCAGGTTCAT-1-10-10,0.0,ELS_Ctrl
TGACCCTAGCTACGTT-1-10-10,0.8271312317312073,ELS_Ctrl
TGAGCATCATGAATCC-1-10-10,0.0,ELS_Ctrl
TGCGATAAGCCAAGGT-1-10-10,0.0,ELS_Ctrl
TGCGGCATCAACTGAC-1-10-10,1.2595937924462595,ELS_Ctrl
TGCTCCATCATTATCC-1-10-10,0.0,ELS_Ctrl
TGTCAGAAGGCCCGTT-1-10-10,0.0,ELS_Ctrl
TTAATCCGTCTTTCAT-1-10-10,0.0,ELS_Ctrl
TTAATCCTCCTAGCGG-1-10-10,0.0,ELS_Ctrl
TTACGTTCATTGGCAT-1-10-10,0.0,ELS_Ctrl
TTCACGCAGATGTTGA-1-10-10,0.5161963841414845,ELS_Ctrl
TTCTAGTGTCCTGTTC-1-10-10,0.0,ELS_Ctrl
TTCTGTAAGGCTTAGG-1-10-10,0.0,ELS_Ctrl
TTCTGTATCACCTGTC-1-10-10,0.0,ELS_Ctrl
TTGCGTCAGAGTTGAT-1-10-10,0.0,ELS_Ctrl
TTGGGTACAGGTTCAT-1-10-10,0.0,ELS_Ctrl
TTTACCAGTTAGAAAC-1-10-10,0.0,ELS_Ctrl
ACCACAATCTGACAGT-1-11-11,0.0,BL_Stress
AGCGTCGCACCTAAAC-1-11-11,0.0,BL_Stress
ATAGACCCACGCAGTC-1-11-11,1.1046343724614105,BL_Stress
CCTTCAGGTAGAAACT-1-11-11,0.0,BL_Stress
CGGAATTCAAGGCTTT-1-11-11,0.0,BL_Stress
CTCCCTCCACACTGGC-1-11-11,1.0175632598939595,BL_Stress
GAGACTTCAAGTACCT-1-11-11,0.0,BL_Stress
GATCACAAGCCAGTAG-1-11-11,1.577388811721642,BL_Stress
GCTACAACAGGAATAT-1-11-11,0.0,BL_Stress
GGGAAGTTCGAGTACT-1-11-11,0.0,BL_Stress
GGTGTCGAGAGGATCC-1-11-11,0.0,BL_Stress
GTGGTTAGTACAATAG-1-11-11,0.0,BL_Stress
GTTAGTGAGCGGTAGT-1-11-11,1.049436905057446,BL_Stress
TATGTTCGTACGGCAA-1-11-11,0.0,BL_Stress
TCGTAGAGTCCCAAAT-1-11-11,1.2678083582673052,BL_Stress
TGAGGAGGTCCAGGTC-1-11-11,0.0,BL_Stress
TGAGTCATCCACGTCT-1-11-11,0.0,BL_Stress
TGATGCACACCCTCTA-1-11-11,0.5361012175548449,BL_Stress
TGATTCTCACTTGGGC-1-11-11,0.0,BL_Stress
TGCAGGCCAGTTGGTT-1-11-11,0.0,BL_Stress
TGTCCTGAGGAATCGC-1-11-11,0.7949151235215576,BL_Stress
TTCCTCTCAACCCGCA-1-11-11,0.0,BL_Stress
TTCTTCCCATCATTTC-1-11-11,0.8120212142648616,BL_Stress
